No.,Location,Database,Type,Substitute Content,Compressive Strength,Carbon Emission Factor
1,AUSTRALIA,EPiC,Concrete,0,20,328.0
2,AUSTRALIA,EPiC,Concrete,0,25,361.0
3,AUSTRALIA,EPiC,Concrete,0,32,416.0
4,AUSTRALIA,EPiC,Concrete,0,40,497.0
5,AUSTRALIA,EPiC,Concrete,0,50,600.0
16,FRANCE,Environmental and health reference data for building construction products,Unreinforced concrete,0,25,204.9
17,GERMANY,Oekobaudat,Ready-mix concrete,0,25,201.2
18,GERMANY,Oekobaudat,Ready-mix concrete,0,30,223.0
19,GERMANY,Oekobaudat,Ready-mix concrete,0,37,259.3
20,GERMANY,Oekobaudat,Ready-mix concrete,0,60,326.4
21,GERMANY,Oekobaudat,Recycling ready-mix concrete,0,25,216.3
22,GERMANY,Oekobaudat,Recycling ready-mix concrete,0,30,219.3
23,GERMANY,Oekobaudat,Recycling ready-mix concrete,0,37,280.1
24,GERMANY,Oekobaudat,Recycling ready-mix concrete,0,60,322.9
25,AUSTRALIA,AUS LCI,Concrete,0,20,305.73
26,AUSTRALIA,AUS LCI,Concrete,0,25,342.22
27,AUSTRALIA,AUS LCI,Concrete,0,32,392.91
28,AUSTRALIA,AUS LCI,Concrete,0,40,474.08
29,AUSTRALIA,AUS LCI,Concrete,0,50,599.96
40,ITALY,EPD Italy,Ready Mix Concrete (Multibeton and Drainbeton),0,40,285.4137
43,GREECE,All,Ready Mix Concrete,0,25,301.0
44,GREECE,All,Ready Mix Concrete,0,30,314.0
45,GREECE,All,Ready Mix Concrete,0,37,354.0
46,GREECE,All,Ready Mix Concrete,0,45,348.0
47,GREECE,All,Ready Mix Concrete,0,50,395.0
48,CANADA,CSA EPD,Ready Mix Concrete,0,15,229.82
49,CANADA,CSA EPD,Ready Mix Concrete,0,20,227.42
50,CANADA,CSA EPD,Ready Mix Concrete,0,25,257.85
51,CANADA,CSA EPD,Ready Mix Concrete,0,30,303.87
52,CANADA,CSA EPD,Ready Mix Concrete,0,32,320.8
53,CANADA,CSA EPD,Ready Mix Concrete,0,35,345.52
54,CANADA,CSA EPD,Ready Mix Concrete,0,40,387.58
55,CANADA,CSA EPD,Ready Mix Concrete,0,45,412.71
56,CANADA,CSA EPD,Ready Mix Concrete,0,50,443.95
57,CANADA,CSA EPD,Ready Mix Concrete,0,55,465.11
58,CANADA,CSA EPD,Ready Mix Concrete,0,60,494.43
103,USA,ASTM EPD,Ready Made Concrete,0,20,298.14
106,USA,ASTM EPD,Ready Made Concrete,0,25,348.71
109,USA,ASTM EPD,Ready Made Concrete,0,30,404.35
112,USA,ASTM EPD,Ready Made Concrete,0,35,473.0
116,USA,ASTM EPD,Ready Made Concrete,0,40,492.49
120,USA,ASTM EPD,Ready Made Concrete,0,45,536.5
124,USA,ASTM EPD,Ready Made Concrete,0,50,564.46
128,USA,ASTM EPD,Ready Made Concrete,0,55,538.11
132,AUSTRALIA,Gunlake Concrete,Ready Mix (Straight Cement),0,20,296.0
133,AUSTRALIA,Gunlake Concrete,Ready Mix (Straight Cement),0,25,317.0
134,AUSTRALIA,Gunlake Concrete,Ready Mix (Straight Cement),0,32,350.0
135,AUSTRALIA,Gunlake Concrete,Ready Mix (Straight Cement),0,40,392.0
136,AUSTRALIA,Gunlake Concrete,Ready Mix (Straight Cement),0,50,438.0
137,UK,ICE,In Situ,0,6,156.0
138,UK,ICE,In Situ,0,8,216.0
139,UK,ICE,In Situ,0,12,232.8
140,UK,ICE,In Situ,0,16,249.6
141,UK,ICE,In Situ,0,20,268.8
142,UK,ICE,In Situ,0,25,285.59999999999997
143,UK,ICE,In Situ,0,28,302.4
144,UK,ICE,In Situ,0,32,331.20000000000005
145,UK,ICE,In Situ,0,35,357.59999999999997
146,UK,ICE,In Situ,0,40,381.6
147,UK,ICE,CEM1 (100% cement),0,6,168.00000000000003
148,UK,ICE,CEM1 (100% cement),0,8,232.8
149,UK,ICE,CEM1 (100% cement),0,12,252.0
150,UK,ICE,CEM1 (100% cement),0,16,271.2
151,UK,ICE,CEM1 (100% cement),0,20,290.4
152,UK,ICE,CEM1 (100% cement),0,25,309.6
153,UK,ICE,CEM1 (100% cement),0,28,326.40000000000003
154,UK,ICE,CEM1 (100% cement),0,32,357.59999999999997
155,UK,ICE,CEM1 (100% cement),0,35,386.40000000000003
156,UK,ICE,CEM1 (100% cement),0,40,412.79999999999995
6,AUSTRALIA,EPiC,Concrete (30% fly ash),30,20,251.0
7,AUSTRALIA,EPiC,Concrete (30% fly ash),30,25,277.0
8,AUSTRALIA,EPiC,Concrete (30% fly ash),30,32,314.0
9,AUSTRALIA,EPiC,Concrete (30% fly ash),30,40,373.0
10,AUSTRALIA,EPiC,Concrete (30% fly ash),30,50,467.0
11,AUSTRALIA,EPiC,Concrete (30% GGBFS),30,20,263.0
12,AUSTRALIA,EPiC,Concrete (30% GGBFS),30,25,293.0
13,AUSTRALIA,EPiC,Concrete (30% GGBFS),30,32,331.0
14,AUSTRALIA,EPiC,Concrete (30% GGBFS),30,40,392.0
15,AUSTRALIA,EPiC,Concrete (30% GGBFS),30,50,492.0
30,AUSTRALIA,AUS LCI,Concrete (30% fly ash),30,20,225.66
31,AUSTRALIA,AUS LCI,Concrete (30% fly ash),30,25,253.6
32,AUSTRALIA,AUS LCI,Concrete (30% fly ash),30,32,290.02
33,AUSTRALIA,AUS LCI,Concrete (30% fly ash),30,40,348.37
34,AUSTRALIA,AUS LCI,Concrete (30% fly ash),30,50,442.9
35,AUSTRALIA,AUS LCI,Concrete (30% GGBFS),30,20,244.66
36,AUSTRALIA,AUS LCI,Concrete (30% GGBFS),30,25,274.64
37,AUSTRALIA,AUS LCI,Concrete (30% GGBFS),30,32,314.45
38,AUSTRALIA,AUS LCI,Concrete (30% GGBFS),30,40,378.23
39,AUSTRALIA,AUS LCI,Concrete (30% GGBFS),30,50,480.22
41,ISRAEL,Ready Mix Industries,Ready Mix Concrete,5,50,416.13
42,ISRAEL,Ready Mix Industries,Ready Mix Concrete,5,40,355.03
59,CANADA,CSA EPD,SCM,15,15,204.62
60,CANADA,CSA EPD,SCM,15,20,202.9
61,CANADA,CSA EPD,SCM,15,25,229.24
62,CANADA,CSA EPD,SCM,15,30,269.82
63,CANADA,CSA EPD,SCM,15,32,284.7
64,CANADA,CSA EPD,SCM,15,35,306.69
65,CANADA,CSA EPD,SCM,15,40,343.99
66,CANADA,CSA EPD,SCM,15,45,365.71
67,CANADA,CSA EPD,SCM,15,50,393.55
68,CANADA,CSA EPD,SCM,15,55,411.98
69,CANADA,CSA EPD,SCM,15,60,437.89
70,CANADA,CSA EPD,SCM,30,15,179.42
71,CANADA,CSA EPD,SCM,20,20,194.73
72,CANADA,CSA EPD,SCM,20,25,219.7
73,CANADA,CSA EPD,SCM,20,30,258.92
74,CANADA,CSA EPD,SCM,20,32,272.44
75,CANADA,CSA EPD,SCM,20,35,293.75
76,CANADA,CSA EPD,SCM,20,40,329.0
77,CANADA,CSA EPD,SCM,20,45,335.06
78,CANADA,CSA EPD,SCM,20,50,359.49
79,CANADA,CSA EPD,SCM,25,55,376.56
80,CANADA,CSA EPD,SCM,20,60,400.43
81,CANADA,CSA EPD,SCM,25,15,188.44
82,CANADA,CSA EPD,SCM,25,20,186.55
83,CANADA,CSA EPD,SCM,25,25,211.02
84,CANADA,CSA EPD,SCM,25,30,247.34
85,CANADA,CSA EPD,SCM,25,32,261.03
86,CANADA,CSA EPD,SCM,25,35,280.81
87,CANADA,CSA EPD,SCM,25,40,314.7
88,CANADA,CSA EPD,SCM,25,45,335.06
89,CANADA,CSA EPD,SCM,25,50,359.49
90,CANADA,CSA EPD,SCM,25,55,376.56
91,CANADA,CSA EPD,SCM,25,60,400.43
92,CANADA,CSA EPD,SCM,40,15,163.07
93,CANADA,CSA EPD,SCM,40,20,162.03
94,CANADA,CSA EPD,SCM,40,25,182.24
95,CANADA,CSA EPD,SCM,40,30,213.28
96,CANADA,CSA EPD,SCM,40,32,224.8
97,CANADA,CSA EPD,SCM,40,35,241.99
98,CANADA,CSA EPD,SCM,40,40,271.11
99,CANADA,CSA EPD,SCM,40,45,288.07
100,CANADA,CSA EPD,SCM,40,50,309.09
101,CANADA,CSA EPD,SCM,40,55,323.43
102,CANADA,CSA EPD,SCM,40,60,343.9
104,USA,ASTM EPD,fly ash,10,20,273.04
105,USA,ASTM EPD,fly ash,20,20,247.94
107,USA,ASTM EPD,fly ash,10,25,318.42
108,USA,ASTM EPD,fly ash,20,25,288.13
110,USA,ASTM EPD,fly ash,10,30,368.87
111,USA,ASTM EPD,fly ash,20,30,333.38
113,USA,ASTM EPD,fly ash,10,35,431.49
114,USA,ASTM EPD,fly ash,25,35,409.82
115,USA,ASTM EPD,fly ash,20,35,389.05
117,USA,ASTM EPD,fly ash,10,40,448.49
118,USA,ASTM EPD,fly ash,15,40,426.88
119,USA,ASTM EPD,fly ash,20,40,405.24
121,USA,ASTM EPD,fly ash,10,45,488.89
122,USA,ASTM EPD,fly ash,15,45,464.66
123,USA,ASTM EPD,fly ash,20,45,440.43
125,USA,ASTM EPD,fly ash,10,50,514.26
126,USA,ASTM EPD,fly ash,15,50,488.29
127,USA,ASTM EPD,fly ash,20,50,463.2
129,USA,ASTM EPD,fly ash,10,55,490.54
130,USA,ASTM EPD,fly ash,15,55,466.27
131,USA,ASTM EPD,fly ash,20,55,442.04
157,UK,ICE,Portland Limestone Concrete,14,6,146.4
158,UK,ICE,Portland Limestone Concrete,14,8,369.6
159,UK,ICE,Portland Limestone Concrete,14,12,216.0
160,UK,ICE,Portland Limestone Concrete,14,16,232.8
161,UK,ICE,Portland Limestone Concrete,14,20,249.6
162,UK,ICE,Portland Limestone Concrete,14,25,266.4
163,UK,ICE,Portland Limestone Concrete,14,28,280.8
164,UK,ICE,Portland Limestone Concrete,14,32,309.6
165,UK,ICE,Portland Limestone Concrete,14,35,336.00000000000006
166,UK,ICE,Portland Limestone Concrete,14,40,367.2
167,UK,ICE,Natural pozzolanic ash,35,6,134.4
168,UK,ICE,Natural pozzolanic ash,35,8,182.4
169,UK,ICE,Natural pozzolanic ash,35,12,194.4
170,UK,ICE,Natural pozzolanic ash,35,16,208.79999999999998
171,UK,ICE,Natural pozzolanic ash,35,20,225.6
172,UK,ICE,Natural pozzolanic ash,35,25,240.0
173,UK,ICE,Natural pozzolanic ash,35,28,254.4
174,UK,ICE,Natural pozzolanic ash,35,32,280.8
175,UK,ICE,Natural pozzolanic ash,35,35,297.6
176,UK,ICE,Natural pozzolanic ash,35,40,319.20000000000005
177,UK,ICE,fly ash,15,6,153.6
178,UK,ICE,fly ash,15,8,307.2
179,UK,ICE,fly ash,15,12,230.4
180,UK,ICE,fly ash,15,16,247.2
181,UK,ICE,fly ash,15,20,266.4
182,UK,ICE,fly ash,15,25,283.2
183,UK,ICE,fly ash,15,28,302.4
184,UK,ICE,fly ash,15,32,333.6
185,UK,ICE,fly ash,15,35,357.59999999999997
186,UK,ICE,fly ash,15,40,381.6
187,UK,ICE,fly ash,30,6,136.8
188,UK,ICE,fly ash,30,8,345.59999999999997
189,UK,ICE,fly ash,30,12,204.00000000000003
190,UK,ICE,fly ash,30,16,220.79999999999998
191,UK,ICE,fly ash,30,20,237.60000000000002
192,UK,ICE,fly ash,30,25,252.0
193,UK,ICE,fly ash,30,28,271.2
194,UK,ICE,fly ash,30,32,300.0
195,UK,ICE,fly ash,30,35,319.20000000000005
196,UK,ICE,fly ash,30,40,340.79999999999995
197,UK,ICE,fly ash,40,6,124.8
198,UK,ICE,fly ash,40,8,170.39999999999998
199,UK,ICE,fly ash,40,12,182.4
200,UK,ICE,fly ash,40,16,194.4
201,UK,ICE,fly ash,40,20,211.2
202,UK,ICE,fly ash,40,25,223.2
203,UK,ICE,fly ash,40,28,237.60000000000002
204,UK,ICE,fly ash,40,32,261.6
205,UK,ICE,fly ash,40,35,276.0
206,UK,ICE,fly ash,40,40,295.2
207,UK,ICE,Blast furnace slag,25,6,132.0
208,UK,ICE,Blast furnace slag,25,8,247.2
209,UK,ICE,Blast furnace slag,25,12,194.4
210,UK,ICE,Blast furnace slag,25,16,208.79999999999998
211,UK,ICE,Blast furnace slag,25,20,225.6
212,UK,ICE,Blast furnace slag,25,25,240.0
213,UK,ICE,Blast furnace slag,25,28,256.8
214,UK,ICE,Blast furnace slag,25,32,288.0
215,UK,ICE,Blast furnace slag,25,35,309.6
216,UK,ICE,Blast furnace slag,25,40,331.20000000000005
217,UK,ICE,Blast furnace slag,50,6,98.4
218,UK,ICE,Blast furnace slag,50,8,220.79999999999998
219,UK,ICE,Blast furnace slag,50,12,139.20000000000002
220,UK,ICE,Blast furnace slag,50,16,148.8
221,UK,ICE,Blast furnace slag,50,20,163.20000000000002
222,UK,ICE,Blast furnace slag,50,25,172.79999999999998
223,UK,ICE,Blast furnace slag,50,28,187.2
224,UK,ICE,Blast furnace slag,50,32,213.6
225,UK,ICE,Blast furnace slag,50,35,228.0
226,UK,ICE,Blast furnace slag,50,40,244.79999999999998
227,UK,ICE,Blast furnace slag,70,6,81.60000000000001
228,UK,ICE,Blast furnace slag,70,8,105.6
229,UK,ICE,Blast furnace slag,70,12,112.8
230,UK,ICE,Blast furnace slag,70,16,120.0
231,UK,ICE,Blast furnace slag,70,20,127.2
232,UK,ICE,Blast furnace slag,70,25,134.4
233,UK,ICE,Blast furnace slag,70,28,139.20000000000002
234,UK,ICE,Blast furnace slag,70,32,151.2
235,UK,ICE,Blast furnace slag,70,35,163.20000000000002
236,UK,ICE,Blast furnace slag,70,40,172.79999999999998
