chainage_m,easting,northing,ground_m
0.0,558428.85,6208064.18,1172.50
10.0,558435.28,6208056.52,1170.57
20.0,558441.71,6208048.86,1168.62
30.0,558448.13,6208041.20,1166.65
40.0,558454.56,6208033.54,1164.85
50.0,558460.99,6208025.88,1162.87
60.0,558467.42,6208018.22,1161.15
70.0,558473.84,6208010.55,1159.13
80.0,558480.27,6208002.89,1157.16
90.0,558486.70,6207995.23,1155.25
100.0,558493.13,6207987.57,1153.32
110.0,558499.56,6207979.91,1151.38
120.0,558505.98,6207972.25,1149.56
130.0,558512.41,6207964.59,1147.56
140.0,558518.84,6207956.93,1145.80
150.0,558525.27,6207949.27,1144.14
160.0,558531.70,6207941.61,1141.91
170.0,558538.12,6207933.95,1140.12
180.0,558544.55,6207926.29,1138.32
190.0,558550.98,6207918.63,1136.31
200.0,558557.41,6207910.97,1134.46
210.0,558563.83,6207903.31,1132.75
220.0,558570.26,6207895.65,1130.72
230.0,558576.69,6207887.99,1128.93
240.0,558583.12,6207880.33,1127.01
250.0,558589.55,6207872.67,1125.39
260.0,558595.97,6207865.01,1123.35
270.0,558602.40,6207857.35,1121.70
280.0,558608.83,6207849.69,1119.82
290.0,558615.26,6207842.02,1117.91
300.0,558621.69,6207834.36,1116.31
310.0,558628.11,6207826.70,1114.51
320.0,558634.54,6207819.04,1112.57
330.0,558640.97,6207811.38,1110.78
340.0,558647.40,6207803.72,1108.99
350.0,558653.83,6207796.06,1107.27
360.0,558660.25,6207788.40,1105.48
370.0,558666.68,6207780.74,1103.63
380.0,558673.11,6207773.08,1101.90
390.0,558679.54,6207765.42,1100.00
400.0,558685.96,6207757.76,1098.32
410.0,558692.39,6207750.10,1096.56
420.0,558698.82,6207742.44,1094.99
430.0,558705.25,6207734.78,1093.29
440.0,558711.68,6207727.12,1091.57
450.0,558718.10,6207719.46,1089.83
460.0,558724.53,6207711.80,1088.00
470.0,558730.96,6207704.14,1086.30
480.0,558737.39,6207696.48,1084.63
490.0,558743.82,6207688.82,1082.90
500.0,558750.24,6207681.16,1081.25
510.0,558756.67,6207673.50,1079.40
520.0,558763.10,6207665.83,1077.97
530.0,558769.53,6207658.17,1076.35
540.0,558775.95,6207650.51,1074.75
550.0,558782.38,6207642.85,1072.98
560.0,558788.81,6207635.19,1071.50
570.0,558795.24,6207627.53,1069.80
580.0,558801.67,6207619.87,1068.12
590.0,558808.09,6207612.21,1066.62
600.0,558814.52,6207604.55,1065.03
610.0,558820.95,6207596.89,1063.46
620.0,558827.38,6207589.23,1061.87
630.0,558833.81,6207581.57,1060.25
640.0,558840.23,6207573.91,1058.61
650.0,558846.66,6207566.25,1057.10
660.0,558853.09,6207558.59,1055.74
670.0,558859.52,6207550.93,1054.02
680.0,558865.95,6207543.27,1052.51
690.0,558872.37,6207535.61,1051.16
700.0,558878.80,6207527.95,1049.57
710.0,558885.23,6207520.29,1048.03
720.0,558891.66,6207512.63,1046.63
730.0,558898.08,6207504.97,1045.11
740.0,558904.51,6207497.30,1043.55
750.0,558910.94,6207489.64,1042.31
760.0,558917.37,6207481.98,1040.74
770.0,558923.80,6207474.32,1039.42
780.0,558930.22,6207466.66,1037.93
790.0,558936.65,6207459.00,1036.57
800.0,558943.08,6207451.34,1035.25
810.0,558949.51,6207443.68,1033.64
820.0,558955.94,6207436.02,1032.41
830.0,558962.36,6207428.36,1030.99
840.0,558968.79,6207420.70,1029.70
850.0,558975.22,6207413.04,1028.36
860.0,558981.65,6207405.38,1026.99
870.0,558988.07,6207397.72,1025.83
880.0,558994.50,6207390.06,1024.35
890.0,559000.93,6207382.40,1023.17
900.0,559007.36,6207374.74,1021.80
910.0,559013.79,6207367.08,1020.69
920.0,559020.21,6207359.42,1019.28
930.0,559026.64,6207351.76,1017.98
940.0,559033.07,6207344.10,1016.75
950.0,559039.50,6207336.44,1015.52
960.0,559045.93,6207328.78,1014.46
970.0,559052.35,6207321.11,1013.23
980.0,559058.78,6207313.45,1011.97
990.0,559065.21,6207305.79,1010.78
1000.0,559071.64,6207298.13,1009.50
1010.0,559078.07,6207290.47,1008.55
1020.0,559084.49,6207282.81,1007.44
1030.0,559090.92,6207275.15,1006.21
1040.0,559097.35,6207267.49,1005.25
1050.0,559103.78,6207259.83,1003.82
1060.0,559110.20,6207252.17,1002.80
1070.0,559116.63,6207244.51,1001.76
1080.0,559123.06,6207236.85,1000.86
1090.0,559129.49,6207229.19,999.65
1100.0,559135.92,6207221.53,998.43
1110.0,559142.34,6207213.87,997.71
1120.0,559148.77,6207206.21,996.57
1130.0,559155.20,6207198.55,995.53
1140.0,559161.63,6207190.89,994.60
1150.0,559168.06,6207183.23,993.67
1160.0,559174.48,6207175.57,992.60
1170.0,559180.91,6207167.91,991.66
1180.0,559187.34,6207160.25,990.61
1190.0,559193.77,6207152.59,989.82
1200.0,559200.20,6207144.93,988.77
1210.0,559206.62,6207137.27,987.96
1220.0,559213.05,6207129.60,987.07
1230.0,559219.48,6207121.94,986.18
1240.0,559225.91,6207114.28,985.40
1250.0,559232.34,6207106.62,984.43
1260.0,559238.76,6207098.96,983.73
1270.0,559245.19,6207091.30,982.84
1280.0,559251.62,6207083.64,982.14
1290.0,559258.05,6207075.98,981.26
1300.0,559264.48,6207068.32,980.49
1310.0,559270.91,6207060.66,979.66
1320.0,559277.33,6207053.00,978.98
1330.0,559283.76,6207045.34,978.23
1340.0,559290.19,6207037.68,977.49
1350.0,559296.62,6207030.02,976.76
1360.0,559303.05,6207022.36,975.95
1370.0,559309.48,6207014.70,975.30
1380.0,559315.90,6207007.04,974.56
1390.0,559322.33,6206999.38,974.00
1400.0,559328.76,6206991.72,973.41
1410.0,559335.19,6206984.06,972.78
1420.0,559341.62,6206976.41,972.04
1430.0,559348.05,6206968.75,971.27
1440.0,559354.48,6206961.09,970.89
1450.0,559360.91,6206953.43,970.35
1460.0,559367.34,6206945.77,969.64
1470.0,559373.77,6206938.11,969.35
1480.0,559380.20,6206930.45,968.68
1490.0,559386.63,6206922.79,968.05
1500.0,559393.06,6206915.13,967.60
1510.0,559399.49,6206907.48,967.07
1520.0,559405.92,6206899.82,966.50
1530.0,559412.35,6206892.16,965.97
1540.0,559418.78,6206884.50,965.64
1550.0,559425.21,6206876.85,965.30
1560.0,559431.65,6206869.19,964.91
1570.0,559438.08,6206861.53,964.40
1580.0,559444.51,6206853.88,963.91
1590.0,559450.95,6206846.22,963.52
1600.0,559457.38,6206838.56,963.16
1610.0,559463.81,6206830.91,962.83
1620.0,559470.25,6206823.26,962.48
1630.0,559476.68,6206815.60,962.10
1640.0,559483.12,6206807.95,961.83
1650.0,559489.56,6206800.29,961.47
1660.0,559495.99,6206792.64,961.21
1670.0,559502.43,6206784.99,960.90
1680.0,559508.87,6206777.34,960.54
1690.0,559515.31,6206769.69,960.50
1700.0,559521.75,6206762.04,960.13
1710.0,559528.19,6206754.39,959.80
1720.0,559534.64,6206746.74,959.61
1730.0,559541.08,6206739.10,959.56
1740.0,559547.53,6206731.45,959.42
1750.0,559553.97,6206723.81,958.99
1760.0,559560.42,6206716.16,959.03
1770.0,559566.87,6206708.52,958.66
1780.0,559573.32,6206700.88,958.58
1790.0,559579.78,6206693.24,958.55
1800.0,559586.23,6206685.60,958.49
1810.0,559592.69,6206677.97,958.26
1820.0,559599.15,6206670.33,958.19
1830.0,559605.61,6206662.70,957.98
1840.0,559612.07,6206655.07,957.98
1850.0,559618.54,6206647.44,957.84
1860.0,559625.01,6206639.82,958.09
1870.0,559631.48,6206632.19,957.93
1880.0,559637.95,6206624.57,958.01
1890.0,559644.43,6206616.95,958.01
1900.0,559650.91,6206609.34,958.05
1910.0,559657.40,6206601.73,957.89
1920.0,559663.88,6206594.12,957.98
1930.0,559670.38,6206586.51,958.06
1940.0,559676.87,6206578.91,958.04
1950.0,559683.37,6206571.31,958.23
1960.0,559689.88,6206563.71,958.46
1970.0,559696.39,6206556.12,958.21
1980.0,559702.90,6206548.54,958.62
1990.0,559709.42,6206540.95,958.75
2000.0,559715.95,6206533.38,958.68
2010.0,559722.48,6206525.80,958.96
2020.0,559729.02,6206518.24,959.27
2030.0,559735.56,6206510.67,959.29
2040.0,559742.11,6206503.12,959.55
2050.0,559748.67,6206495.57,959.70
2060.0,559755.23,6206488.02,960.03
2070.0,559761.80,6206480.48,960.02
2080.0,559768.38,6206472.95,960.12
2090.0,559774.97,6206465.43,960.50
2100.0,559781.56,6206457.91,960.71
2110.0,559788.17,6206450.41,960.96
2120.0,559794.78,6206442.91,961.29
2130.0,559801.41,6206435.41,961.59
2140.0,559808.04,6206427.93,962.07
2150.0,559814.69,6206420.46,962.11
2160.0,559821.34,6206412.99,962.54
2170.0,559828.01,6206405.54,962.93
2180.0,559834.68,6206398.10,963.14
2190.0,559841.37,6206390.66,963.65
2200.0,559848.07,6206383.24,964.02
2210.0,559854.79,6206375.83,964.39
2220.0,559861.52,6206368.43,964.76
2230.0,559868.26,6206361.04,965.20
2240.0,559875.01,6206353.67,965.69
2250.0,559881.78,6206346.31,965.96
2260.0,559888.57,6206338.96,966.45
2270.0,559895.36,6206331.63,966.85
2280.0,559902.18,6206324.31,967.18
2290.0,559909.01,6206317.01,967.78
2300.0,559915.86,6206309.72,968.25
2310.0,559922.72,6206302.45,968.72
2320.0,559929.61,6206295.20,969.12
2330.0,559936.50,6206287.96,969.71
2340.0,559943.42,6206280.74,970.21
2350.0,559950.36,6206273.53,970.81
2360.0,559957.31,6206266.35,971.20
2370.0,559964.29,6206259.18,971.92
2380.0,559971.28,6206252.03,972.54
2390.0,559978.30,6206244.91,972.90
2400.0,559985.33,6206237.80,973.61
2410.0,559992.39,6206230.72,974.16
2420.0,559999.47,6206223.65,974.81
2430.0,560006.57,6206216.61,975.33
2440.0,560013.69,6206209.59,975.96
2450.0,560020.83,6206202.59,976.55
2460.0,560028.00,6206195.61,977.06
2470.0,560035.19,6206188.66,977.88
2480.0,560042.40,6206181.74,978.46
2490.0,560049.63,6206174.83,979.01
2500.0,560056.89,6206167.96,979.81
2510.0,560064.18,6206161.10,980.33
2520.0,560071.48,6206154.28,981.10
2530.0,560078.82,6206147.48,981.75
2540.0,560086.17,6206140.70,982.49
2550.0,560093.55,6206133.96,983.01
2560.0,560100.96,6206127.24,983.90
2570.0,560108.39,6206120.55,984.44
2580.0,560115.85,6206113.88,985.22
2590.0,560123.33,6206107.25,985.97
2600.0,560130.84,6206100.64,986.66
2610.0,560138.37,6206094.06,987.52
2620.0,560145.93,6206087.52,988.27
2630.0,560153.51,6206081.00,989.01
2640.0,560161.12,6206074.51,989.91
2650.0,560168.76,6206068.05,990.55
2660.0,560176.42,6206061.62,991.12
2670.0,560184.10,6206055.23,992.09
2680.0,560191.81,6206048.86,992.79
2690.0,560199.55,6206042.53,993.79
2700.0,560207.31,6206036.22,994.56
2710.0,560215.10,6206029.95,995.17
2720.0,560222.91,6206023.70,996.08
2730.0,560230.75,6206017.49,996.78
2740.0,560238.61,6206011.31,997.82
2750.0,560246.50,6206005.16,998.55
2760.0,560254.41,6205999.05,999.47
2770.0,560262.34,6205992.96,1000.35
2780.0,560270.30,6205986.91,1001.14
2790.0,560278.29,6205980.88,1001.98
2800.0,560286.29,6205974.89,1002.87
2810.0,560294.32,6205968.93,1003.78
2820.0,560302.37,6205963.00,1004.71
2830.0,560310.45,6205957.10,1005.58
2840.0,560318.54,6205951.23,1006.33
2850.0,560326.66,6205945.39,1007.09
2860.0,560334.80,6205939.58,1008.07
2870.0,560342.96,6205933.80,1008.97
2880.0,560351.14,6205928.05,1010.05
2890.0,560359.35,6205922.33,1010.91
2900.0,560367.57,6205916.64,1011.69
2910.0,560375.81,6205910.98,1012.68
2920.0,560384.07,6205905.35,1013.61
2930.0,560392.35,6205899.74,1014.43
2940.0,560400.65,6205894.16,1015.55
2950.0,560408.97,6205888.61,1016.42
2960.0,560417.31,6205883.09,1017.26
2970.0,560425.66,6205877.59,1018.22
2980.0,560434.03,6205872.12,1019.15
2990.0,560442.42,6205866.68,1020.14
3000.0,560450.82,6205861.26,1021.23
3010.0,560459.24,6205855.86,1022.16
3020.0,560467.68,6205850.49,1023.07
3030.0,560476.13,6205845.14,1023.82
3040.0,560484.59,6205839.82,1024.77
3050.0,560493.07,6205834.52,1025.91
3060.0,560501.57,6205829.24,1026.83
3070.0,560510.07,6205823.99,1027.80
3080.0,560518.60,6205818.75,1028.62
3090.0,560527.13,6205813.54,1029.59
3100.0,560535.67,6205808.34,1030.68
3110.0,560544.23,6205803.17,1031.49
3120.0,560552.80,6205798.01,1032.63
3130.0,560561.38,6205792.88,1033.57
3140.0,560569.97,6205787.76,1034.59
3150.0,560578.57,6205782.66,1035.55
3160.0,560587.19,6205777.58,1036.66
3170.0,560595.81,6205772.51,1037.57
3180.0,560604.44,6205767.47,1038.42
3190.0,560613.08,6205762.43,1039.56
3200.0,560621.73,6205757.41,1040.39
3210.0,560630.39,6205752.41,1041.45
3220.0,560639.06,6205747.42,1042.40
3230.0,560647.73,6205742.45,1043.63
3240.0,560656.41,6205737.49,1044.42
3250.0,560665.10,6205732.54,1045.40
3260.0,560673.80,6205727.60,1046.54
3270.0,560682.50,6205722.68,1047.39
3280.0,560691.22,6205717.77,1048.37
3290.0,560699.93,6205712.86,1049.56
3300.0,560708.65,6205707.97,1050.43
3310.0,560717.38,6205703.09,1051.32
3320.0,560726.12,6205698.22,1052.45
3330.0,560734.86,6205693.36,1053.29
3340.0,560743.60,6205688.51,1054.43
3350.0,560752.35,6205683.67,1055.23
3360.0,560761.10,6205678.83,1056.25
3370.0,560769.86,6205674.01,1057.30
3380.0,560778.62,6205669.19,1058.39
3390.0,560787.39,6205664.38,1059.28
3400.0,560796.16,6205659.57,1060.31
3410.0,560804.93,6205654.77,1061.34
3420.0,560813.71,6205649.98,1062.02
3430.0,560822.49,6205645.20,1063.24
3440.0,560831.27,6205640.42,1064.14
3450.0,560840.06,6205635.64,1065.06
3460.0,560848.85,6205630.87,1066.08
3470.0,560857.64,6205626.11,1067.02
3480.0,560866.44,6205621.35,1067.94
3490.0,560875.23,6205616.59,1069.01
3500.0,560884.03,6205611.84,1069.90
3510.0,560892.84,6205607.10,1071.12
3520.0,560901.64,6205602.35,1072.00
3530.0,560910.44,6205597.61,1072.91
3540.0,560919.25,6205592.88,1073.81
3550.0,560928.06,6205588.15,1074.78
3560.0,560936.87,6205583.42,1075.76
3570.0,560945.68,6205578.69,1076.73
3580.0,560954.50,6205573.97,1077.68
3590.0,560963.31,6205569.24,1078.49
3600.0,560972.13,6205564.53,1079.59
3610.0,560980.95,6205559.81,1080.42
3620.0,560989.77,6205555.09,1081.03
3630.0,560998.59,6205550.38,1082.23
3640.0,561007.41,6205545.67,1083.14
3650.0,561016.23,6205540.96,1083.99
3660.0,561025.05,6205536.25,1084.98
3670.0,561033.88,6205531.55,1085.88
3680.0,561042.70,6205526.84,1086.85
3690.0,561051.53,6205522.14,1087.81
3700.0,561060.35,6205517.44,1088.60
3710.0,561069.18,6205512.74,1089.51
3720.0,561078.00,6205508.04,1090.23
3730.0,561086.83,6205503.34,1091.30
3740.0,561095.66,6205498.64,1092.14
3750.0,561104.49,6205493.95,1093.13
3760.0,561113.32,6205489.25,1094.08
3770.0,561122.15,6205484.56,1094.80
3780.0,561130.98,6205479.86,1095.68
3790.0,561139.81,6205475.17,1096.40
3800.0,561148.64,6205470.47,1097.31
3810.0,561157.47,6205465.78,1098.38
3820.0,561166.30,6205461.09,1099.04
3830.0,561175.13,6205456.40,1099.85
3840.0,561183.96,6205451.71,1100.79
3850.0,561192.79,6205447.02,1101.54
3860.0,561201.63,6205442.33,1102.32
3870.0,561210.46,6205437.64,1103.21
3880.0,561219.29,6205432.95,1103.96
3890.0,561228.12,6205428.26,1104.88
3900.0,561236.96,6205423.57,1105.53
3910.0,561245.79,6205418.88,1106.41
3920.0,561254.62,6205414.20,1107.34
3930.0,561263.45,6205409.51,1107.89
3940.0,561272.29,6205404.82,1108.55
3950.0,561281.12,6205400.13,1109.55
3960.0,561289.95,6205395.45,1110.31
3970.0,561298.79,6205390.76,1110.95
3980.0,561307.62,6205386.07,1111.75
3990.0,561316.45,6205381.38,1112.48
4000.0,561325.29,6205376.70,1113.10
4010.0,561334.12,6205372.01,1113.96
4020.0,561342.96,6205367.32,1114.49
4030.0,561351.79,6205362.64,1115.36
4040.0,561360.62,6205357.95,1116.05
4050.0,561369.46,6205353.27,1116.61
4060.0,561378.29,6205348.58,1117.44
4070.0,561387.13,6205343.89,1118.07
4080.0,561395.96,6205339.21,1118.81
4090.0,561404.79,6205334.52,1119.40
4100.0,561413.63,6205329.83,1120.11
4110.0,561422.46,6205325.15,1120.53
4120.0,561431.30,6205320.46,1121.49
4130.0,561440.13,6205315.78,1122.13
4140.0,561448.96,6205311.09,1122.66
4150.0,561457.80,6205306.41,1123.34
4160.0,561466.63,6205301.72,1123.85
4170.0,561475.47,6205297.03,1124.61
4180.0,561484.30,6205292.35,1125.19
4190.0,561493.14,6205287.66,1125.68
4200.0,561501.97,6205282.98,1126.33
4210.0,561510.80,6205278.29,1126.86
4220.0,561519.64,6205273.61,1127.31
4230.0,561528.47,6205268.92,1128.06
4240.0,561537.31,6205264.23,1128.56
4250.0,561546.14,6205259.55,1129.16
4260.0,561554.98,6205254.86,1129.63
4270.0,561563.81,6205250.18,1130.14
4280.0,561572.64,6205245.49,1130.65
4290.0,561581.48,6205240.81,1131.22
4300.0,561590.31,6205236.12,1131.53
4310.0,561599.15,6205231.44,1132.02
4320.0,561607.98,6205226.75,1132.60
4330.0,561616.82,6205222.06,1133.13
4340.0,561625.65,6205217.38,1133.57
4350.0,561634.49,6205212.69,1134.05
4360.0,561643.32,6205208.01,1134.56
4370.0,561652.15,6205203.32,1134.80
4380.0,561660.99,6205198.64,1135.32
4390.0,561669.82,6205193.95,1135.73
4400.0,561678.66,6205189.27,1136.15
4410.0,561687.49,6205184.58,1136.70
4420.0,561696.33,6205179.89,1136.90
4430.0,561705.16,6205175.21,1137.28
4440.0,561713.99,6205170.52,1137.71
4450.0,561722.83,6205165.84,1138.01
4460.0,561731.66,6205161.15,1138.54
4470.0,561740.50,6205156.47,1138.55
4480.0,561749.33,6205151.78,1139.18
4490.0,561758.16,6205147.09,1139.49
4500.0,561767.00,6205142.41,1139.79
4510.0,561775.83,6205137.72,1140.12
4520.0,561784.67,6205133.04,1140.33
4530.0,561793.50,6205128.35,1140.64
4540.0,561802.34,6205123.66,1140.92
4550.0,561811.17,6205118.98,1141.23
4560.0,561820.00,6205114.29,1141.45
4570.0,561828.84,6205109.61,1141.77
4580.0,561837.67,6205104.92,1141.87
4590.0,561846.51,6205100.23,1142.25
4600.0,561855.34,6205095.55,1142.41
4610.0,561864.17,6205090.86,1142.48
4620.0,561873.01,6205086.17,1142.72
4630.0,561881.84,6205081.49,1143.11
4640.0,561890.67,6205076.80,1143.22
4650.0,561899.51,6205072.11,1143.40
4660.0,561908.34,6205067.43,1143.55
4670.0,561917.17,6205062.74,1143.71
4680.0,561926.01,6205058.05,1143.96
4690.0,561934.84,6205053.36,1143.94
4700.0,561943.67,6205048.68,1144.01
4710.0,561952.51,6205043.99,1144.28
4720.0,561961.34,6205039.30,1144.31
4730.0,561970.17,6205034.61,1144.51
4740.0,561979.01,6205029.92,1144.50
4750.0,561987.84,6205025.23,1144.66
4760.0,561996.67,6205020.54,1144.66
4770.0,562005.50,6205015.85,1144.74
4780.0,562014.33,6205011.16,1144.73
4790.0,562023.17,6205006.47,1144.82
4800.0,562032.00,6205001.78,1144.93
4810.0,562040.83,6204997.09,1144.76
4820.0,562049.66,6204992.40,1144.76
4830.0,562058.49,6204987.70,1144.73
4840.0,562067.32,6204983.01,1144.81
4850.0,562076.15,6204978.32,1144.82
4860.0,562084.98,6204973.62,1144.69
4870.0,562093.81,6204968.93,1144.80
4880.0,562102.64,6204964.23,1144.74
4890.0,562111.46,6204959.53,1144.54
4900.0,562120.29,6204954.83,1144.75
4910.0,562129.12,6204950.14,1144.46
4920.0,562137.95,6204945.44,1144.28
4930.0,562146.77,6204940.73,1144.29
4940.0,562155.60,6204936.03,1144.22
4950.0,562164.42,6204931.33,1144.09
4960.0,562173.25,6204926.62,1143.95
4970.0,562182.07,6204921.92,1143.69
4980.0,562190.89,6204917.21,1143.60
4990.0,562199.71,6204912.50,1143.35
5000.0,562208.53,6204907.79,1143.31
5010.0,562217.35,6204903.07,1143.13
5020.0,562226.17,6204898.36,1142.99
5030.0,562234.99,6204893.64,1142.85
5040.0,562243.80,6204888.92,1142.59
5050.0,562252.62,6204884.20,1142.33
5060.0,562261.43,6204879.47,1142.06
5070.0,562270.24,6204874.75,1141.89
5080.0,562279.06,6204870.02,1141.54
5090.0,562287.86,6204865.28,1141.54
5100.0,562296.67,6204860.55,1141.11
5110.0,562305.48,6204855.81,1140.78
5120.0,562314.28,6204851.06,1140.56
5130.0,562323.08,6204846.31,1140.37
5140.0,562331.88,6204841.56,1139.94
5150.0,562340.68,6204836.81,1139.72
5160.0,562349.47,6204832.05,1139.45
5170.0,562358.26,6204827.28,1138.99
5180.0,562367.05,6204822.52,1138.63
5190.0,562375.84,6204817.74,1138.49
5200.0,562384.63,6204812.96,1137.89
5210.0,562393.41,6204808.18,1137.58
5220.0,562402.18,6204803.39,1137.19
5230.0,562410.96,6204798.59,1136.81
5240.0,562419.73,6204793.79,1136.42
5250.0,562428.50,6204788.98,1136.11
5260.0,562437.26,6204784.16,1135.56
5270.0,562446.02,6204779.34,1135.13
5280.0,562454.77,6204774.50,1134.69
5290.0,562463.53,6204769.66,1134.52
5300.0,562472.27,6204764.82,1133.92
5310.0,562481.01,6204759.96,1133.53
5320.0,562489.75,6204755.09,1132.90
5330.0,562498.48,6204750.22,1132.29
5340.0,562507.21,6204745.34,1132.05
5350.0,562515.93,6204740.44,1131.58
5360.0,562524.64,6204735.54,1130.99
5370.0,562533.35,6204730.62,1130.68
5380.0,562542.05,6204725.69,1130.26
5390.0,562550.75,6204720.76,1129.53
5400.0,562559.44,6204715.80,1128.97
5410.0,562568.12,6204710.84,1128.41
5420.0,562576.79,6204705.87,1127.94
5430.0,562585.46,6204700.88,1127.44
5440.0,562594.12,6204695.87,1126.70
5450.0,562602.77,6204690.86,1126.25
5460.0,562611.41,6204685.83,1125.52
5470.0,562620.04,6204680.78,1125.07
5480.0,562628.67,6204675.72,1124.46
5490.0,562637.28,6204670.64,1123.70
5500.0,562645.89,6204665.55,1123.17
5510.0,562654.48,6204660.44,1122.64
5520.0,562663.07,6204655.31,1122.01
5530.0,562671.65,6204650.17,1121.45
5540.0,562680.21,6204645.00,1120.64
5550.0,562688.76,6204639.82,1119.90
5560.0,562697.30,6204634.62,1119.37
5570.0,562705.83,6204629.40,1118.74
5580.0,562714.35,6204624.16,1118.01
5590.0,562722.86,6204618.90,1117.24
5600.0,562731.35,6204613.63,1116.41
5610.0,562739.83,6204608.33,1116.10
5620.0,562748.30,6204603.00,1115.28
5630.0,562756.75,6204597.66,1114.55
5640.0,562765.19,6204592.30,1113.75
5650.0,562773.61,6204586.91,1112.94
5660.0,562782.02,6204581.50,1112.34
5670.0,562790.42,6204576.07,1111.72
5680.0,562798.80,6204570.61,1110.96
5690.0,562807.16,6204565.13,1110.06
5700.0,562815.51,6204559.62,1109.31
5710.0,562823.85,6204554.10,1108.44
5720.0,562832.16,6204548.54,1107.73
5730.0,562840.46,6204542.97,1107.03
5740.0,562848.75,6204537.36,1106.20
5750.0,562857.01,6204531.73,1105.43
5760.0,562865.26,6204526.08,1104.77
5770.0,562873.49,6204520.40,1103.86
5780.0,562881.70,6204514.70,1103.07
5790.0,562889.90,6204508.97,1102.21
5800.0,562898.07,6204503.21,1101.33
5810.0,562906.23,6204497.42,1100.58
5820.0,562914.37,6204491.61,1099.67
5830.0,562922.49,6204485.78,1098.81
5840.0,562930.59,6204479.91,1098.00
5850.0,562938.67,6204474.02,1097.16
5860.0,562946.74,6204468.11,1096.30
5870.0,562954.78,6204462.17,1095.44
5880.0,562962.80,6204456.20,1094.56
5890.0,562970.80,6204450.20,1093.67
5900.0,562978.78,6204444.18,1092.80
5910.0,562986.75,6204438.13,1091.87
5920.0,562994.69,6204432.05,1090.99
5930.0,563002.61,6204425.95,1090.06
5940.0,563010.51,6204419.82,1089.34
5950.0,563018.39,6204413.66,1088.37
5960.0,563026.26,6204407.48,1087.47
5970.0,563034.10,6204401.27,1086.52
5980.0,563041.92,6204395.04,1085.60
5990.0,563049.72,6204388.78,1084.60
6000.0,563057.50,6204382.50,1083.97
6010.0,563065.25,6204376.19,1082.76
6020.0,563072.99,6204369.86,1081.79
6030.0,563080.71,6204363.50,1080.86
6040.0,563088.41,6204357.12,1079.90
6050.0,563096.09,6204350.71,1079.02
6060.0,563103.75,6204344.28,1077.96
6070.0,563111.39,6204337.83,1077.00
6080.0,563119.01,6204331.35,1076.31
6090.0,563126.61,6204324.86,1075.16
6100.0,563134.19,6204318.33,1074.03
6110.0,563141.75,6204311.79,1073.04
6120.0,563149.29,6204305.23,1072.24
6130.0,563156.82,6204298.64,1071.25
6140.0,563164.33,6204292.03,1070.19
6150.0,563171.81,6204285.41,1069.08
6160.0,563179.28,6204278.76,1068.33
6170.0,563186.74,6204272.09,1067.38
6180.0,563194.17,6204265.40,1066.30
6190.0,563201.59,6204258.70,1065.21
6200.0,563208.99,6204251.97,1064.27
6210.0,563216.38,6204245.23,1063.39
6220.0,563223.75,6204238.47,1062.13
6230.0,563231.10,6204231.69,1061.23
6240.0,563238.44,6204224.90,1060.22
6250.0,563245.76,6204218.09,1059.19
6260.0,563253.06,6204211.26,1058.17
6270.0,563260.36,6204204.42,1057.01
6280.0,563267.63,6204197.56,1056.15
6290.0,563274.90,6204190.68,1055.07
6300.0,563282.15,6204183.80,1054.22
6310.0,563289.38,6204176.89,1052.89
6320.0,563296.61,6204169.98,1051.88
6330.0,563303.82,6204163.05,1050.95
6340.0,563311.02,6204156.11,1049.92
6350.0,563318.20,6204149.16,1048.71
6360.0,563325.38,6204142.19,1047.72
6370.0,563332.54,6204135.21,1046.71
6380.0,563339.69,6204128.22,1045.74
6390.0,563346.84,6204121.22,1044.52
6400.0,563353.97,6204114.21,1043.35
6410.0,563361.09,6204107.19,1042.63
6420.0,563368.20,6204100.16,1041.39
6430.0,563375.30,6204093.12,1040.43
6440.0,563382.40,6204086.08,1039.39
6450.0,563389.48,6204079.02,1038.25
6460.0,563396.56,6204071.95,1037.17
6470.0,563403.62,6204064.88,1036.02
6480.0,563410.68,6204057.80,1035.01
6490.0,563417.74,6204050.71,1033.79
6500.0,563424.78,6204043.61,1032.94
6510.0,563431.82,6204036.51,1031.88
6520.0,563438.85,6204029.40,1030.72
6530.0,563445.88,6204022.28,1029.78
6540.0,563452.90,6204015.16,1028.63
6550.0,563459.91,6204008.03,1027.63
6560.0,563466.92,6204000.89,1026.61
6570.0,563473.92,6203993.75,1025.42
6580.0,563480.92,6203986.61,1024.27
6590.0,563487.91,6203979.46,1023.28
6600.0,563494.89,6203972.31,1022.21
6610.0,563501.88,6203965.15,1021.17
6620.0,563508.86,6203957.98,1020.16
6630.0,563515.83,6203950.82,1018.95
6640.0,563522.80,6203943.65,1017.83
6650.0,563529.77,6203936.47,1016.75
6660.0,563536.73,6203929.30,1015.87
6670.0,563543.69,6203922.11,1014.92
6680.0,563550.64,6203914.93,1013.66
6690.0,563557.60,6203907.74,1012.53
6700.0,563564.55,6203900.55,1011.36
6710.0,563571.50,6203893.36,1010.40
6720.0,563578.44,6203886.17,1009.50
6730.0,563585.38,6203878.97,1008.27
6740.0,563592.32,6203871.77,1007.34
6750.0,563599.26,6203864.57,1006.06
6760.0,563606.20,6203857.36,1005.06
6770.0,563613.13,6203850.16,1004.22
6780.0,563620.06,6203842.95,1002.93
6790.0,563626.99,6203835.74,1001.84
6800.0,563633.92,6203828.53,1000.85
6810.0,563640.85,6203821.32,999.66
6820.0,563647.78,6203814.11,998.82
6830.0,563654.70,6203806.89,997.56
6840.0,563661.62,6203799.68,996.89
6850.0,563668.55,6203792.46,995.62
6860.0,563675.47,6203785.24,994.54
6870.0,563682.39,6203778.02,993.58
6880.0,563689.31,6203770.80,992.37
6890.0,563696.22,6203763.58,991.41
6900.0,563703.14,6203756.36,990.39
6910.0,563710.06,6203749.14,989.38
6920.0,563716.97,6203741.91,988.35
6930.0,563723.89,6203734.69,987.29
6940.0,563730.80,6203727.46,986.16
6950.0,563737.71,6203720.24,985.21
6960.0,563744.63,6203713.01,984.19
6970.0,563751.54,6203705.79,983.10
6980.0,563758.45,6203698.56,982.14
6990.0,563765.36,6203691.33,981.21
7000.0,563772.27,6203684.10,979.98
7010.0,563779.18,6203676.88,979.06
7020.0,563786.09,6203669.65,977.90
7030.0,563793.00,6203662.42,976.96
7040.0,563799.91,6203655.19,975.96
7050.0,563806.82,6203647.96,975.05
7060.0,563813.73,6203640.73,973.90
7070.0,563820.64,6203633.50,973.00
7080.0,563827.55,6203626.27,972.14
7090.0,563834.46,6203619.04,970.97
7100.0,563841.36,6203611.81,970.11
7110.0,563848.27,6203604.58,968.96
7120.0,563855.18,6203597.35,968.07
7130.0,563862.09,6203590.12,967.11
7140.0,563869.00,6203582.89,966.10
7150.0,563875.90,6203575.66,965.14
7160.0,563882.81,6203568.43,964.15
7170.0,563889.72,6203561.19,963.21
7180.0,563896.62,6203553.96,962.31
7190.0,563903.53,6203546.73,961.22
7200.0,563910.44,6203539.50,960.41
7210.0,563917.34,6203532.27,959.34
7220.0,563924.25,6203525.04,958.46
7230.0,563931.16,6203517.80,957.37
7240.0,563938.06,6203510.57,956.66
7250.0,563944.97,6203503.34,955.59
7260.0,563951.88,6203496.11,954.55
7270.0,563958.78,6203488.88,953.76
7280.0,563965.69,6203481.64,952.77
7290.0,563972.59,6203474.41,951.93
7300.0,563979.50,6203467.18,950.85
7310.0,563986.41,6203459.95,950.03
7320.0,563993.31,6203452.72,949.13
7330.0,564000.22,6203445.48,948.31
7340.0,564007.13,6203438.25,947.48
7350.0,564014.03,6203431.02,946.34
7360.0,564020.94,6203423.79,945.53
7370.0,564027.84,6203416.55,944.65
7380.0,564034.75,6203409.32,943.64
7390.0,564041.66,6203402.09,943.02
7400.0,564048.56,6203394.86,942.05
7410.0,564055.47,6203387.62,941.00
7420.0,564062.37,6203380.39,940.32
7430.0,564069.28,6203373.16,939.56
7440.0,564076.19,6203365.93,938.60
7450.0,564083.09,6203358.69,937.85
7460.0,564090.00,6203351.46,936.91
7470.0,564096.90,6203344.23,936.04
7480.0,564103.81,6203337.00,935.23
7490.0,564110.72,6203329.76,934.35
7500.0,564117.62,6203322.53,933.63
7510.0,564124.53,6203315.30,932.72
7520.0,564131.43,6203308.07,932.06
7530.0,564138.34,6203300.83,930.98
7540.0,564145.24,6203293.60,930.28
7550.0,564152.15,6203286.37,929.52
7560.0,564159.06,6203279.14,928.83
7570.0,564165.96,6203271.91,927.93
7580.0,564172.87,6203264.67,927.04
7590.0,564179.77,6203257.44,926.33
7600.0,564186.68,6203250.21,925.63
7610.0,564193.59,6203242.98,924.94
7620.0,564200.49,6203235.74,924.03
7630.0,564207.40,6203228.51,923.25
7640.0,564214.30,6203221.28,922.51
7650.0,564221.21,6203214.05,921.77
7660.0,564228.12,6203206.81,920.99
7670.0,564235.02,6203199.58,920.29
7680.0,564241.93,6203192.35,919.48
7690.0,564248.83,6203185.12,918.84
7700.0,564255.74,6203177.88,918.01
7710.0,564262.64,6203170.65,917.28
7720.0,564269.55,6203163.42,916.61
7730.0,564276.46,6203156.19,915.92
7740.0,564283.36,6203148.95,915.34
7750.0,564290.27,6203141.72,914.40
7760.0,564297.17,6203134.49,913.81
7770.0,564304.08,6203127.26,913.26
7780.0,564310.99,6203120.02,912.39
7790.0,564317.89,6203112.79,911.77
7800.0,564324.80,6203105.56,911.02
7810.0,564331.70,6203098.33,910.48
7820.0,564338.61,6203091.09,909.56
7830.0,564345.52,6203083.86,909.01
7840.0,564352.42,6203076.63,908.49
7850.0,564359.33,6203069.40,907.75
7860.0,564366.23,6203062.16,907.15
7870.0,564373.14,6203054.93,906.46
7880.0,564380.04,6203047.70,905.86
7890.0,564386.95,6203040.47,905.22
7900.0,564393.86,6203033.23,904.68
7910.0,564400.76,6203026.00,904.01
7920.0,564407.67,6203018.77,903.45
7930.0,564414.57,6203011.54,902.85
7940.0,564421.48,6203004.30,902.08
7950.0,564428.39,6202997.07,901.59
7960.0,564435.29,6202989.84,900.89
7970.0,564442.20,6202982.61,900.53
7980.0,564449.10,6202975.37,900.06
7990.0,564456.01,6202968.14,899.35
8000.0,564462.92,6202960.91,898.76
8010.0,564469.82,6202953.68,898.24
8020.0,564476.73,6202946.44,897.81
8030.0,564483.63,6202939.21,897.16
8040.0,564490.54,6202931.98,896.57
8050.0,564497.44,6202924.75,896.05
8060.0,564504.35,6202917.51,895.55
8070.0,564511.26,6202910.28,894.88
8080.0,564518.16,6202903.05,894.39
8090.0,564525.07,6202895.82,893.82
8100.0,564531.97,6202888.58,893.45
8110.0,564538.88,6202881.35,892.99
8120.0,564545.79,6202874.12,892.49
8130.0,564552.69,6202866.89,891.97
8140.0,564559.60,6202859.65,891.40
8150.0,564566.50,6202852.42,891.01
8160.0,564573.41,6202845.19,890.58
8170.0,564580.32,6202837.96,890.08
8180.0,564587.22,6202830.72,889.54
8190.0,564594.13,6202823.49,889.07
8200.0,564601.03,6202816.26,888.68
8210.0,564607.94,6202809.03,888.12
8220.0,564614.84,6202801.79,887.50
8230.0,564621.75,6202794.56,887.38
8240.0,564628.66,6202787.33,886.68
8250.0,564635.56,6202780.10,886.41
8260.0,564642.47,6202772.86,886.10
8270.0,564649.37,6202765.63,885.74
8280.0,564656.28,6202758.40,885.21
8290.0,564663.19,6202751.17,884.73
8300.0,564670.09,6202743.93,884.27
8310.0,564677.00,6202736.70,883.96
8320.0,564683.90,6202729.47,883.51
8330.0,564690.81,6202722.24,883.00
8340.0,564697.72,6202715.00,882.69
8350.0,564704.62,6202707.77,882.50
8360.0,564711.53,6202700.54,882.08
8370.0,564718.43,6202693.31,881.64
8380.0,564725.34,6202686.07,881.47
8390.0,564732.24,6202678.84,880.81
8400.0,564739.15,6202671.61,880.62
8410.0,564746.06,6202664.38,880.18
8420.0,564752.96,6202657.14,879.94
8430.0,564759.87,6202649.91,879.64
8440.0,564766.77,6202642.68,879.19
8450.0,564773.68,6202635.45,878.75
8460.0,564780.59,6202628.21,878.48
8470.0,564787.49,6202620.98,878.34
8480.0,564794.40,6202613.75,877.84
8490.0,564801.30,6202606.52,877.57
8500.0,564808.21,6202599.28,877.27
8510.0,564815.12,6202592.05,876.93
8520.0,564822.02,6202584.82,876.60
8530.0,564828.93,6202577.59,876.39
8540.0,564835.83,6202570.35,875.99
8550.0,564842.74,6202563.12,875.84
8560.0,564849.64,6202555.89,875.44
8570.0,564856.55,6202548.66,875.22
8580.0,564863.46,6202541.42,874.96
8590.0,564870.36,6202534.19,874.51
8600.0,564877.27,6202526.96,874.35
